[
  {
    "id": 0,
    "name": "Frieda",
    "picture": "images/vote.jpeg",
    "age": 3,
    "breed": "Increase the salary of employees",
    "location": "Lisco, Alabama"
  },
  {
    "id": 1,
    "name": "Gina",
    "picture": "images/vote.jpeg",
    "age": 3,
    "breed": "Implement a remote work policy",
    "location": "Tooleville, West Virginia"
  },
  {
    "id": 2,
    "name": "Collins",
    "picture": "images/vote.jpeg",
    "age": 2,
    "breed": "Adopt sustainable business practices",
    "location": "Freeburn, Idaho"
  },
  {
    "id": 3,
    "name": "Melissa",
    "picture": "images/vote.jpeg",
    "age": 2,
    "breed": "Invest in employee training and development",
    "location": "Camas, Pennsylvania"
  },
  {
    "id": 4,
    "name": "Jeanine",
    "picture": "images/vote.jpeg",
    "age": 2,
    "breed": "Establish a company-wide volunteer program",
    "location": "Gerber, South Dakota"
  },
  {
    "id": 5,
    "name": "Elvia",
    "picture": "images/vote.jpeg",
    "age": 3,
    "breed": "Expand the company's product line",
    "location": "Innsbrook, Illinois"
  },
  {
    "id": 6,
    "name": "Latisha",
    "picture": "images/vote.jpeg",
    "age": 3,
    "breed": "Improve the company's customer service",
    "location": "Soudan, Louisiana"
  },
  {
    "id": 7,
    "name": "Coleman",
    "picture": "images/vote.jpeg",
    "age": 3,
    "breed": "Improve the company's customer service",
    "location": "Jacksonwald, Palau"
  },
  {
    "id": 8,
    "name": "Nichole",
    "picture": "images/vote.jpeg",
    "age": 2,
    "breed": "French Bulldog",
    "location": "Honolulu, Hawaii"
  },
  {
    "id": 9,
    "name": "Fran",
    "picture": "images/vote.jpeg",
    "age": 3,
    "breed": "Boxer",
    "location": "Matheny, Utah"
  },
  {
    "id": 10,
    "name": "Leonor",
    "picture": "images/vote.jpeg",
    "age": 2,
    "breed": "Boxer",
    "location": "Tyhee, Indiana"
  },
  {
    "id": 11,
    "name": "Dean",
    "picture": "images/vote.jpeg",
    "age": 3,
    "breed": "Scottish Terrier",
    "location": "Windsor, Montana"
  },
  {
    "id": 12,
    "name": "Stevenson",
    "picture": "images/vote.jpeg",
    "age": 3,
    "breed": "French Bulldog",
    "location": "Kingstowne, Nevada"
  },
  {
    "id": 13,
    "name": "Kristina",
    "picture": "images/vote.jpeg",
    "age": 4,
    "breed": "Golden Retriever",
    "location": "Sultana, Massachusetts"
  },
  {
    "id": 14,
    "name": "Ethel",
    "picture": "images/vote.jpeg",
    "age": 2,
    "breed": "Golden Retriever",
    "location": "Broadlands, Oregon"
  },
  {
    "id": 15,
    "name": "Terry",
    "picture": "images/vote.jpeg",
    "age": 2,
    "breed": "Golden Retriever",
    "location": "Dawn, Wisconsin"
  }
]